<?xml version="1.0" encoding="UTF-8"?>
<manifest identifier="i15595b4bd02e62209e10657154c252c3" xmlns="http://www.imsglobal.org/xsd/imsccv1p1/imscp_v1p1" xmlns:lom="http://ltsc.ieee.org/xsd/imsccv1p1/LOM/resource" xmlns:imsmd="http://www.imsglobal.org/xsd/imsmd_v1p2" xmlns:xsi="http://www.w3.org/2001/XMLSchema-instance" xsi:schemaLocation="http://www.imsglobal.org/xsd/imsccv1p1/imscp_v1p1 http://www.imsglobal.org/xsd/imscp_v1p1.xsd http://ltsc.ieee.org/xsd/imsccv1p1/LOM/resource http://www.imsglobal.org/profile/cc/ccv1p1/LOM/ccv1p1_lomresource_v1p0.xsd http://www.imsglobal.org/xsd/imsmd_v1p2 http://www.imsglobal.org/xsd/imsmd_v1p2p2.xsd">
  <metadata>
    <schema>IMS Content</schema>
    <schemaversion>1.1.3</schemaversion>
    <imsmd:lom>
      <imsmd:general>
        <imsmd:title>
          <imsmd:string>QTI Quiz Export for course "CS 105 01 WI16"</imsmd:string>
        </imsmd:title>
      </imsmd:general>
      <imsmd:lifeCycle>
        <imsmd:contribute>
          <imsmd:date>
            <imsmd:dateTime>2015-12-29</imsmd:dateTime>
          </imsmd:date>
        </imsmd:contribute>
      </imsmd:lifeCycle>
      <imsmd:rights>
        <imsmd:copyrightAndOtherRestrictions>
          <imsmd:value>yes</imsmd:value>
        </imsmd:copyrightAndOtherRestrictions>
        <imsmd:description>
          <imsmd:string>Private (Copyrighted) - http://en.wikipedia.org/wiki/Copyright</imsmd:string>
        </imsmd:description>
      </imsmd:rights>
    </imsmd:lom>
  </metadata>
  <organizations/>
  <resources>
    <resource identifier="ic8b799e4911df1662685949b4716896f" type="imsqti_xmlv1p2">
      <file href="ic8b799e4911df1662685949b4716896f/ic8b799e4911df1662685949b4716896f.xml"/>
      <dependency identifierref="ibe179d474ff228a20320688723566148"/>
    </resource>
    <resource identifier="ibe179d474ff228a20320688723566148" type="associatedcontent/imscc_xmlv1p1/learning-application-resource" href="ic8b799e4911df1662685949b4716896f/assessment_meta.xml">
      <file href="ic8b799e4911df1662685949b4716896f/assessment_meta.xml"/>
    </resource>
    <resource identifier="ifcd990dbf022474e729f34813628e967" type="imsqti_xmlv1p2">
      <file href="ifcd990dbf022474e729f34813628e967/ifcd990dbf022474e729f34813628e967.xml"/>
      <dependency identifierref="ib4d61e5c7f14829204a38b4e74af0b3f"/>
    </resource>
    <resource identifier="ib4d61e5c7f14829204a38b4e74af0b3f" type="associatedcontent/imscc_xmlv1p1/learning-application-resource" href="ifcd990dbf022474e729f34813628e967/assessment_meta.xml">
      <file href="ifcd990dbf022474e729f34813628e967/assessment_meta.xml"/>
    </resource>
    <resource identifier="i5dae620fa65936eec33a906872da2187" type="webcontent" href="ns1.png">
      <file href="ns1.png"/>
    </resource>
    <resource identifier="i6be63b0e95689b5a436a526f8a47bbd8" type="webcontent" href="whileloop.PNG">
      <file href="whileloop.PNG"/>
    </resource>
    <resource identifier="i7be4e1fa1a9bbbc3c756b4e09618754c" type="webcontent" href="ns3.PNG">
      <file href="ns3.PNG"/>
    </resource>
    <resource identifier="i001db3af3cda04b91dcc492682d1d1ac" type="webcontent" href="nspart.png">
      <file href="nspart.png"/>
    </resource>
    <resource identifier="ie890c523391efd77df467ba780f72835" type="webcontent" href="whatdo.PNG">
      <file href="whatdo.PNG"/>
    </resource>
  </resources>
</manifest>
