<?xml version="1.0" encoding="UTF-8"?>
<questestinterop xmlns="http://www.imsglobal.org/xsd/ims_qtiasiv1p2" xmlns:xsi="http://www.w3.org/2001/XMLSchema-instance" xsi:schemaLocation="http://www.imsglobal.org/xsd/ims_qtiasiv1p2 http://www.imsglobal.org/xsd/ims_qtiasiv1p2p1.xsd">
  <assessment ident="ifcd990dbf022474e729f34813628e967" title="Final Exam - NS Charts">
    <qtimetadata>
      <qtimetadatafield>
        <fieldlabel>cc_maxattempts</fieldlabel>
        <fieldentry>1</fieldentry>
      </qtimetadatafield>
    </qtimetadata>
    <section ident="root_section">
      <item ident="i76648542f88002fe548aef499994c8b4" title="Question 1">
        <itemmetadata>
          <qtimetadata>
            <qtimetadatafield>
              <fieldlabel>question_type</fieldlabel>
              <fieldentry>multiple_choice_question</fieldentry>
            </qtimetadatafield>
            <qtimetadatafield>
              <fieldlabel>points_possible</fieldlabel>
              <fieldentry>5</fieldentry>
            </qtimetadatafield>
            <qtimetadatafield>
              <fieldlabel>assessment_question_identifierref</fieldlabel>
              <fieldentry>if47b767d37e06559ff801f2d253307ba</fieldentry>
            </qtimetadatafield>
          </qtimetadata>
        </itemmetadata>
        <presentation>
          <material>
            <mattext texttype="text/html">&lt;div&gt;If you want to print some text out to the screen, what is the proper syntax?&lt;/div&gt;</mattext>
          </material>
          <response_lid ident="response1" rcardinality="Single">
            <render_choice>
              <response_label ident="63381">
                <material>
                  <mattext texttype="text/plain">print("This is seen by everyone!")</mattext>
                </material>
              </response_label>
              <response_label ident="22924">
                <material>
                  <mattext texttype="text/plain">print"This is seen by everyone!"</mattext>
                </material>
              </response_label>
              <response_label ident="68066">
                <material>
                  <mattext texttype="text/plain">print(This is seen by everyone!)</mattext>
                </material>
              </response_label>
              <response_label ident="91424">
                <material>
                  <mattext texttype="text/plain">print This is seen by everyone!</mattext>
                </material>
              </response_label>
            </render_choice>
          </response_lid>
        </presentation>
        <resprocessing>
          <outcomes>
            <decvar maxvalue="100" minvalue="0" varname="SCORE" vartype="Decimal"/>
          </outcomes>
          <respcondition continue="No">
            <conditionvar>
              <varequal respident="response1">63381</varequal>
            </conditionvar>
            <setvar action="Set" varname="SCORE">100</setvar>
          </respcondition>
        </resprocessing>
      </item>
      <item ident="if620045a6441795602d56b16a568e77d" title="Question 2">
        <itemmetadata>
          <qtimetadata>
            <qtimetadatafield>
              <fieldlabel>question_type</fieldlabel>
              <fieldentry>multiple_choice_question</fieldentry>
            </qtimetadatafield>
            <qtimetadatafield>
              <fieldlabel>points_possible</fieldlabel>
              <fieldentry>10</fieldentry>
            </qtimetadatafield>
            <qtimetadatafield>
              <fieldlabel>assessment_question_identifierref</fieldlabel>
              <fieldentry>if47b767d37e06559ff801f2d253307ba</fieldentry>
            </qtimetadatafield>
          </qtimetadata>
        </itemmetadata>
        <presentation>
          <material>
            <mattext texttype="text/html">&lt;div&gt;If you want to print some text and a variable called "bbq", what is the proper syntax?&lt;/div&gt;</mattext>
          </material>
          <response_lid ident="response1" rcardinality="Single">
            <render_choice>
              <response_label ident="56187">
                <material>
                  <mattext texttype="text/plain">print("Let it be known that ", bbq," is the secret number")</mattext>
                </material>
              </response_label>
              <response_label ident="74132">
                <material>
                  <mattext texttype="text/plain">print("Let it be known that bbq is the secret number")</mattext>
                </material>
              </response_label>
              <response_label ident="88846">
                <material>
                  <mattext texttype="text/plain">print("Let it be known that ," bbq", is the secret number")</mattext>
                </material>
              </response_label>
              <response_label ident="6846">
                <material>
                  <mattext texttype="text/plain">print("Let it be known that " bbq" is the secret number")</mattext>
                </material>
              </response_label>
            </render_choice>
          </response_lid>
        </presentation>
        <resprocessing>
          <outcomes>
            <decvar maxvalue="100" minvalue="0" varname="SCORE" vartype="Decimal"/>
          </outcomes>
          <respcondition continue="No">
            <conditionvar>
              <varequal respident="response1">56187</varequal>
            </conditionvar>
            <setvar action="Set" varname="SCORE">100</setvar>
          </respcondition>
        </resprocessing>
      </item>
      <item ident="ia67047bb2bf45442eaff3360e7f8cb14" title="Question 3">
        <itemmetadata>
          <qtimetadata>
            <qtimetadatafield>
              <fieldlabel>question_type</fieldlabel>
              <fieldentry>true_false_question</fieldentry>
            </qtimetadatafield>
            <qtimetadatafield>
              <fieldlabel>points_possible</fieldlabel>
              <fieldentry>5</fieldentry>
            </qtimetadatafield>
            <qtimetadatafield>
              <fieldlabel>assessment_question_identifierref</fieldlabel>
              <fieldentry>if47b767d37e06559ff801f2d253307ba</fieldentry>
            </qtimetadatafield>
          </qtimetadata>
        </itemmetadata>
        <presentation>
          <material>
            <mattext texttype="text/html">&lt;div&gt;
&lt;p&gt;The following NS Chart uses four variables:&lt;/p&gt;
&lt;p&gt;&lt;img src="%24IMS-CC-FILEBASE%24/ns1.png" alt="ns1.png"&gt;&lt;/p&gt;
&lt;/div&gt;</mattext>
          </material>
          <response_lid ident="response1" rcardinality="Single">
            <render_choice>
              <response_label ident="70327">
                <material>
                  <mattext texttype="text/plain">True</mattext>
                </material>
              </response_label>
              <response_label ident="94060">
                <material>
                  <mattext texttype="text/plain">False</mattext>
                </material>
              </response_label>
            </render_choice>
          </response_lid>
        </presentation>
        <resprocessing>
          <outcomes>
            <decvar maxvalue="100" minvalue="0" varname="SCORE" vartype="Decimal"/>
          </outcomes>
          <respcondition continue="No">
            <conditionvar>
              <varequal respident="response1">70327</varequal>
            </conditionvar>
            <setvar action="Set" varname="SCORE">100</setvar>
          </respcondition>
        </resprocessing>
      </item>
      <item ident="i56d286b6f190977de30a5fd4ca292558" title="Question 4">
        <itemmetadata>
          <qtimetadata>
            <qtimetadatafield>
              <fieldlabel>question_type</fieldlabel>
              <fieldentry>true_false_question</fieldentry>
            </qtimetadatafield>
            <qtimetadatafield>
              <fieldlabel>points_possible</fieldlabel>
              <fieldentry>5</fieldentry>
            </qtimetadatafield>
            <qtimetadatafield>
              <fieldlabel>assessment_question_identifierref</fieldlabel>
              <fieldentry>if47b767d37e06559ff801f2d253307ba</fieldentry>
            </qtimetadatafield>
          </qtimetadata>
        </itemmetadata>
        <presentation>
          <material>
            <mattext texttype="text/html">&lt;div&gt;
&lt;p&gt;The following NS Chart shows a WHILE loop with no constraints:&lt;/p&gt;
&lt;div class="img_holder"&gt;&lt;img class="img" title="Click to embed {{ display_name }}" src="%24IMS-CC-FILEBASE%24/whileloop.PNG" alt="whileloop.PNG"&gt;&lt;/div&gt;
&lt;p&gt;&lt;a class="img_link" title="Click to embed image" href="https://svsu.instructure.com/courses/2748/quizzes/391/edit"&gt;&lt;/a&gt;&lt;/p&gt;
&lt;p&gt;&lt;a class="img_link" title="Click to embed image" href="https://svsu.instructure.com/courses/2748/quizzes/391/edit"&gt;&lt;/a&gt;&lt;/p&gt;
&lt;/div&gt;</mattext>
          </material>
          <response_lid ident="response1" rcardinality="Single">
            <render_choice>
              <response_label ident="53625">
                <material>
                  <mattext texttype="text/plain">True</mattext>
                </material>
              </response_label>
              <response_label ident="66368">
                <material>
                  <mattext texttype="text/plain">False</mattext>
                </material>
              </response_label>
            </render_choice>
          </response_lid>
        </presentation>
        <resprocessing>
          <outcomes>
            <decvar maxvalue="100" minvalue="0" varname="SCORE" vartype="Decimal"/>
          </outcomes>
          <respcondition continue="No">
            <conditionvar>
              <varequal respident="response1">66368</varequal>
            </conditionvar>
            <setvar action="Set" varname="SCORE">100</setvar>
          </respcondition>
        </resprocessing>
      </item>
      <item ident="i34f8ff7663916dc8b9b9a2f18876cd01" title="Question 5">
        <itemmetadata>
          <qtimetadata>
            <qtimetadatafield>
              <fieldlabel>question_type</fieldlabel>
              <fieldentry>multiple_choice_question</fieldentry>
            </qtimetadatafield>
            <qtimetadatafield>
              <fieldlabel>points_possible</fieldlabel>
              <fieldentry>5</fieldentry>
            </qtimetadatafield>
            <qtimetadatafield>
              <fieldlabel>assessment_question_identifierref</fieldlabel>
              <fieldentry>if47b767d37e06559ff801f2d253307ba</fieldentry>
            </qtimetadatafield>
          </qtimetadata>
        </itemmetadata>
        <presentation>
          <material>
            <mattext texttype="text/html">&lt;div&gt;
&lt;p&gt;In the following NS Chart, the line "count &amp;lt;- count + 1" represents what?&lt;/p&gt;
&lt;div class="img_holder"&gt;&lt;img class="img" title="Click to embed {{ display_name }}" src="%24IMS-CC-FILEBASE%24/whileloop.PNG" alt="whileloop.PNG"&gt;&lt;/div&gt;
&lt;/div&gt;</mattext>
          </material>
          <response_lid ident="response1" rcardinality="Single">
            <render_choice>
              <response_label ident="16822">
                <material>
                  <mattext texttype="text/plain">a counter</mattext>
                </material>
              </response_label>
              <response_label ident="44204">
                <material>
                  <mattext texttype="text/plain">a WHILE loop</mattext>
                </material>
              </response_label>
              <response_label ident="57970">
                <material>
                  <mattext texttype="text/plain">an IF statement</mattext>
                </material>
              </response_label>
              <response_label ident="9506">
                <material>
                  <mattext texttype="text/plain">a mathematical equation</mattext>
                </material>
              </response_label>
            </render_choice>
          </response_lid>
        </presentation>
        <resprocessing>
          <outcomes>
            <decvar maxvalue="100" minvalue="0" varname="SCORE" vartype="Decimal"/>
          </outcomes>
          <respcondition continue="No">
            <conditionvar>
              <varequal respident="response1">16822</varequal>
            </conditionvar>
            <setvar action="Set" varname="SCORE">100</setvar>
          </respcondition>
        </resprocessing>
      </item>
      <item ident="i8510dd1bae5a4b85afd8f9083e26dbd1" title="Question 6">
        <itemmetadata>
          <qtimetadata>
            <qtimetadatafield>
              <fieldlabel>question_type</fieldlabel>
              <fieldentry>multiple_choice_question</fieldentry>
            </qtimetadatafield>
            <qtimetadatafield>
              <fieldlabel>points_possible</fieldlabel>
              <fieldentry>5</fieldentry>
            </qtimetadatafield>
            <qtimetadatafield>
              <fieldlabel>assessment_question_identifierref</fieldlabel>
              <fieldentry>if47b767d37e06559ff801f2d253307ba</fieldentry>
            </qtimetadatafield>
          </qtimetadata>
        </itemmetadata>
        <presentation>
          <material>
            <mattext texttype="text/html">&lt;div&gt;
&lt;p&gt;What is represented by the portion of the NS Chart below?&lt;/p&gt;
&lt;p&gt;&lt;img src="%24IMS-CC-FILEBASE%24/ns3.PNG" alt="ns3.PNG"&gt;&lt;/p&gt;
&lt;/div&gt;</mattext>
          </material>
          <response_lid ident="response1" rcardinality="Single">
            <render_choice>
              <response_label ident="28798">
                <material>
                  <mattext texttype="text/plain">IF statement</mattext>
                </material>
              </response_label>
              <response_label ident="59696">
                <material>
                  <mattext texttype="text/plain">WHILE loop</mattext>
                </material>
              </response_label>
              <response_label ident="99577">
                <material>
                  <mattext texttype="text/plain">CASE statement</mattext>
                </material>
              </response_label>
              <response_label ident="21890">
                <material>
                  <mattext texttype="text/plain">print statement</mattext>
                </material>
              </response_label>
            </render_choice>
          </response_lid>
        </presentation>
        <resprocessing>
          <outcomes>
            <decvar maxvalue="100" minvalue="0" varname="SCORE" vartype="Decimal"/>
          </outcomes>
          <respcondition continue="No">
            <conditionvar>
              <varequal respident="response1">28798</varequal>
            </conditionvar>
            <setvar action="Set" varname="SCORE">100</setvar>
          </respcondition>
        </resprocessing>
      </item>
      <item ident="iee4fa9d5aba5194f5aebed953ef54deb" title="Question 7">
        <itemmetadata>
          <qtimetadata>
            <qtimetadatafield>
              <fieldlabel>question_type</fieldlabel>
              <fieldentry>multiple_choice_question</fieldentry>
            </qtimetadatafield>
            <qtimetadatafield>
              <fieldlabel>points_possible</fieldlabel>
              <fieldentry>5</fieldentry>
            </qtimetadatafield>
            <qtimetadatafield>
              <fieldlabel>assessment_question_identifierref</fieldlabel>
              <fieldentry>if47b767d37e06559ff801f2d253307ba</fieldentry>
            </qtimetadatafield>
          </qtimetadata>
        </itemmetadata>
        <presentation>
          <material>
            <mattext texttype="text/html">&lt;div&gt;
&lt;p&gt;What is represented by the portion of the NS Chart below?&lt;/p&gt;
&lt;p&gt;&lt;img src="%24IMS-CC-FILEBASE%24/nspart.png" alt="nspart.png"&gt;&lt;/p&gt;
&lt;/div&gt;</mattext>
          </material>
          <response_lid ident="response1" rcardinality="Single">
            <render_choice>
              <response_label ident="1963">
                <material>
                  <mattext texttype="text/plain">WHILE loop</mattext>
                </material>
              </response_label>
              <response_label ident="85367">
                <material>
                  <mattext texttype="text/plain">CASE statement</mattext>
                </material>
              </response_label>
              <response_label ident="94033">
                <material>
                  <mattext texttype="text/plain">IF statment</mattext>
                </material>
              </response_label>
              <response_label ident="23757">
                <material>
                  <mattext texttype="text/plain">print statement</mattext>
                </material>
              </response_label>
            </render_choice>
          </response_lid>
        </presentation>
        <resprocessing>
          <outcomes>
            <decvar maxvalue="100" minvalue="0" varname="SCORE" vartype="Decimal"/>
          </outcomes>
          <respcondition continue="No">
            <conditionvar>
              <varequal respident="response1">1963</varequal>
            </conditionvar>
            <setvar action="Set" varname="SCORE">100</setvar>
          </respcondition>
        </resprocessing>
      </item>
      <item ident="ia9509fc4f60eded6a4ce482157867ad2" title="Question 8">
        <itemmetadata>
          <qtimetadata>
            <qtimetadatafield>
              <fieldlabel>question_type</fieldlabel>
              <fieldentry>multiple_choice_question</fieldentry>
            </qtimetadatafield>
            <qtimetadatafield>
              <fieldlabel>points_possible</fieldlabel>
              <fieldentry>5</fieldentry>
            </qtimetadatafield>
            <qtimetadatafield>
              <fieldlabel>assessment_question_identifierref</fieldlabel>
              <fieldentry>if47b767d37e06559ff801f2d253307ba</fieldentry>
            </qtimetadatafield>
          </qtimetadata>
        </itemmetadata>
        <presentation>
          <material>
            <mattext texttype="text/html">&lt;div&gt;
&lt;p&gt;The NS Chart below performs what function?&lt;/p&gt;
&lt;p&gt;&lt;a class="img_link" style=";" title="Click to embed image" href="https://svsu.instructure.com/courses/2748/quizzes/391/edit"&gt;&lt;/a&gt;&lt;/p&gt;
&lt;div class="img_holder"&gt;&lt;img class="img" title="Click to embed {{ display_name }}" src="%24IMS-CC-FILEBASE%24/whatdo.PNG" alt="whatdo.PNG"&gt;&lt;/div&gt;
&lt;p&gt;&lt;a class="img_link" style=";" title="Click to embed image" href="https://svsu.instructure.com/courses/2748/quizzes/391/edit"&gt;&lt;/a&gt;&lt;/p&gt;
&lt;/div&gt;</mattext>
          </material>
          <response_lid ident="response1" rcardinality="Single">
            <render_choice>
              <response_label ident="20410">
                <material>
                  <mattext texttype="text/plain">A user enters an unknown number of scores. The scores are determined to be valid or invalid. The valid scores are determined to be passing or failing.</mattext>
                </material>
              </response_label>
              <response_label ident="73378">
                <material>
                  <mattext texttype="text/plain">A user inputs 5 scores. The scores are all deemed valid. The valid scores are determined to be passing or failing.</mattext>
                </material>
              </response_label>
              <response_label ident="32943">
                <material>
                  <mattext texttype="text/plain">A user enters an unknown number of scores. The scores are determined to be valid or invalid. The invalid scores are determined to be passing or failing.</mattext>
                </material>
              </response_label>
              <response_label ident="30853">
                <material>
                  <mattext texttype="text/plain">A user enters an known number of scores. The scores are determined to be valid or invalid. The invalid scores are determined to be passing or failing.</mattext>
                </material>
              </response_label>
            </render_choice>
          </response_lid>
        </presentation>
        <resprocessing>
          <outcomes>
            <decvar maxvalue="100" minvalue="0" varname="SCORE" vartype="Decimal"/>
          </outcomes>
          <respcondition continue="No">
            <conditionvar>
              <varequal respident="response1">20410</varequal>
            </conditionvar>
            <setvar action="Set" varname="SCORE">100</setvar>
          </respcondition>
        </resprocessing>
      </item>
      <item ident="i563512fea238170100b501ab6dbe6fea" title="Question 9">
        <itemmetadata>
          <qtimetadata>
            <qtimetadatafield>
              <fieldlabel>question_type</fieldlabel>
              <fieldentry>true_false_question</fieldentry>
            </qtimetadatafield>
            <qtimetadatafield>
              <fieldlabel>points_possible</fieldlabel>
              <fieldentry>5</fieldentry>
            </qtimetadatafield>
            <qtimetadatafield>
              <fieldlabel>assessment_question_identifierref</fieldlabel>
              <fieldentry>if47b767d37e06559ff801f2d253307ba</fieldentry>
            </qtimetadatafield>
          </qtimetadata>
        </itemmetadata>
        <presentation>
          <material>
            <mattext texttype="text/html">&lt;div&gt;I &lt;span style="text-decoration: underline;"&gt;&lt;em&gt;&lt;strong&gt;NEED&lt;/strong&gt;&lt;/em&gt;&lt;/span&gt; to know how to do NS Charts for CS116 as they will likely be part of my grade.&lt;/div&gt;</mattext>
          </material>
          <response_lid ident="response1" rcardinality="Single">
            <render_choice>
              <response_label ident="32948">
                <material>
                  <mattext texttype="text/plain">True</mattext>
                </material>
              </response_label>
              <response_label ident="71056">
                <material>
                  <mattext texttype="text/plain">False</mattext>
                </material>
              </response_label>
            </render_choice>
          </response_lid>
        </presentation>
        <resprocessing>
          <outcomes>
            <decvar maxvalue="100" minvalue="0" varname="SCORE" vartype="Decimal"/>
          </outcomes>
          <respcondition continue="No">
            <conditionvar>
              <varequal respident="response1">32948</varequal>
            </conditionvar>
            <setvar action="Set" varname="SCORE">100</setvar>
          </respcondition>
        </resprocessing>
      </item>
    </section>
  </assessment>
</questestinterop>
