<?xml version="1.0" encoding="UTF-8"?>
<quiz identifier="ic8b799e4911df1662685949b4716896f" xmlns="http://canvas.instructure.com/xsd/cccv1p0" xmlns:xsi="http://www.w3.org/2001/XMLSchema-instance" xsi:schemaLocation="http://canvas.instructure.com/xsd/cccv1p0 http://canvas.instructure.com/xsd/cccv1p0.xsd">
  <title>Final Exam - Linux</title>
  <description>&lt;p&gt;Please answer the following questions.&lt;/p&gt;</description>
  <lock_at>2016-04-25T20:30:00</lock_at>
  <unlock_at>2016-04-25T18:30:00</unlock_at>
  <due_at>2016-04-25T20:30:00</due_at>
  <shuffle_answers>true</shuffle_answers>
  <scoring_policy>keep_highest</scoring_policy>
  <quiz_type>assignment</quiz_type>
  <points_possible>50</points_possible>
  <lockdown_browser_monitor_data></lockdown_browser_monitor_data>
  <show_correct_answers>true</show_correct_answers>
  <anonymous_submissions>false</anonymous_submissions>
  <could_be_locked>true</could_be_locked>
  <allowed_attempts>1</allowed_attempts>
  <one_question_at_a_time>false</one_question_at_a_time>
  <cant_go_back>false</cant_go_back>
  <available>true</available>
  <one_time_results>false</one_time_results>
  <show_correct_answers_last_attempt>false</show_correct_answers_last_attempt>
  <module_locked>false</module_locked>
  <assignment identifier="i67476a621d5827b8d69f57b8e2fe39ec">
    <title>Final Exam - Linux</title>
    <due_at>2016-04-25T20:30:00</due_at>
    <lock_at>2016-04-25T20:30:00</lock_at>
    <unlock_at>2016-04-25T18:30:00</unlock_at>
    <module_locked>false</module_locked>
    <all_day_date>2016-04-25</all_day_date>
    <peer_reviews_due_at>2016-04-25T20:30:00</peer_reviews_due_at>
    <workflow_state>published</workflow_state>
    <quiz_identifierref>ic8b799e4911df1662685949b4716896f</quiz_identifierref>
    <has_group_category>false</has_group_category>
    <points_possible>50</points_possible>
    <grading_type>points</grading_type>
    <all_day>false</all_day>
    <submission_types>online_quiz</submission_types>
    <position>24</position>
    <peer_review_count>0</peer_review_count>
    <peer_reviews>false</peer_reviews>
    <automatic_peer_reviews>false</automatic_peer_reviews>
    <muted>false</muted>
  </assignment>
  <assignment_group_identifierref>i250288ee1b248d90735ff6d1fe169f71</assignment_group_identifierref>
</quiz>
